,address,bds,cost
0,"Douglass Apartments, 650 Columbus Ave #434, Boston, MA 02118",1 bd,"$3,300/mo"
1,"Gardner Street Apartments | 75-84 Gardner St, Allston, MA",1 bd,"$2,450+"
2,"Gardner Street Apartments | 75-84 Gardner St, Allston, MA",2 bd,"$2,450+"
3,"Idyl Fenway | 60 Kilmarnock St, Boston, MA",Studio,"$3,710+"
4,"Idyl Fenway | 60 Kilmarnock St, Boston, MA",1 bd,"$3,990+"
5,"Idyl Fenway | 60 Kilmarnock St, Boston, MA",2 bd,"$5,710+"
6,"Idyl Fenway | 60 Kilmarnock St, Boston, MA",3 bd,"$9,190+"
7,"Elements | 60 Brainerd Rd, Allston, MA",1 bd,"$3,287+"
8,"Winter Street Apartments, 8, 8 Winter St #1103, Boston, MA 02108",1 bd,"$3,200/mo"
9,"The Brynx | 201 S Huntington Ave, Jamaica Plain, MA",Studio,"$2,690+"
10,"The Brynx | 201 S Huntington Ave, Jamaica Plain, MA",1 bd,"$3,450+"
11,"The Brynx | 201 S Huntington Ave, Jamaica Plain, MA",2 bd,"$4,375+"
12,"Shawmut Place, 475 Shawmut Ave APT 2, Boston, MA 02118",2 bds,"$3,500/mo"
13,"1330 Boylston | 1330 Boylston St, Boston, MA",1 bd,"$4,371+"
14,"1330 Boylston | 1330 Boylston St, Boston, MA",2 bd,"$5,051+"
15,"1330 Boylston | 1330 Boylston St, Boston, MA",3 bd,"$10,489+"
16,"Rozzie | 289 Walk Hill St, Roslindale, MA",1 bd,"$3,158+"
17,"Rozzie | 289 Walk Hill St, Roslindale, MA",2 bd,"$3,908+"
18,"95 Saint | 95 Saint Alphonsus St, Roxbury Crossing, MA",1 bd,"$4,635+"
19,"95 Saint | 95 Saint Alphonsus St, Roxbury Crossing, MA",2 bd,"$4,938+"
20,"Eco | 75 Brainerd Rd, Allston, MA",Studio,"$3,049+"
21,"Eco | 75 Brainerd Rd, Allston, MA",2 bd,"$5,114+"
22,"Metro Rentals, LLC | 1 Nassau St, Boston, MA",1 bd,"$2,655+"
23,"Metro Rentals, LLC | 1 Nassau St, Boston, MA",2 bd,"$3,745+"
24,"Dot Block | 1211 Dorchester Ave, Dorchester, MA",Studio,"$2,505+"
25,"Dot Block | 1211 Dorchester Ave, Dorchester, MA",2 bd,"$3,660+"
26,"Dot Block | 1211 Dorchester Ave, Dorchester, MA",3 bd,"$4,665+"
27,"Imprint, 780 William T Morrissey Blvd, Dorchester, MA 02122",1 bd,"$3,158+/mo"
28,"E3 Apartments | 65 Brainerd Rd, Allston, MA",Studio,"$2,848+"
29,"E3 Apartments | 65 Brainerd Rd, Allston, MA",1 bd,"$2,667+"
30,"E3 Apartments | 65 Brainerd Rd, Allston, MA",2 bd,"$3,936+"
31,"Hub25 | 25 Morrissey Blvd, Dorchester, MA",Studio,"$2,392+"
32,"Hub25 | 25 Morrissey Blvd, Dorchester, MA",1 bd,"$2,802+"
33,"Chapman House | 61 Eutaw St E, Boston, MA",1 bd,"$2,500+"
34,"Parkway Apartments | 1555 Vfw Pkwy, West Roxbury, MA",1 bd,"$2,529+"
35,"Parkway Apartments | 1555 Vfw Pkwy, West Roxbury, MA",2 bd,"$3,391+"
36,"The Longwood | 1575 Tremont St, Roxbury Crossing, MA",2 bd,"$3,964+"
37,"Camelot Court | 10 Camelot Ct, Brighton, MA",1 bd,"$3,170+"
38,"Camelot Court | 10 Camelot Ct, Brighton, MA",2 bd,"$3,256+"
39,"Camelot Court | 10 Camelot Ct, Brighton, MA",3 bd,"$4,058+"
40,"HEW at 1515 Comm Ave | 1525 Commonwealth Ave, Brighton, MA",Studio,"$2,960+"
41,"HEW at 1515 Comm Ave | 1525 Commonwealth Ave, Brighton, MA",1 bd,"$3,300+"
42,"HEW at 1515 Comm Ave | 1525 Commonwealth Ave, Brighton, MA",2 bd,"$4,300+"
43,"Piano Craft Guild | 791 Tremont St, Boston, MA",1 bd,"$3,300+"
44,"Piano Craft Guild | 791 Tremont St, Boston, MA",2 bd,"$4,200+"
45,"Atrium On Commonwealth, 1079 Commonwealth Ave APT 532, Boston, MA 02215",3 bds,"$4,700/mo"
46,"Fenway Triangle | 180 Brookline Ave, Boston, MA",Studio,"$3,790+"
47,"Fenway Triangle | 180 Brookline Ave, Boston, MA",1 bd,"$3,884+"
48,"Fenway Triangle | 180 Brookline Ave, Boston, MA",2 bd,"$5,024+"
49,"West Square Apartments | 320 D St, Boston, MA",1 bd,"$3,300+"
50,"West Square Apartments | 320 D St, Boston, MA",2 bd,"$4,225+"
51,"Commonwealth Apartments | 1144 Commonwealth Ave, Allston, MA",Studio,"$2,150+"
52,"Commonwealth Apartments | 1144 Commonwealth Ave, Allston, MA",1 bd,"$2,250+"
53,"Bremen 282 | 282 Bremen St, Boston, MA",Studio,"$2,500+"
54,"Bremen 282 | 282 Bremen St, Boston, MA",1 bd,"$2,800+"
55,"Kilsyth Court Apartments | 71-75 Kilsyth Rd, Brighton, MA",Studio,"$2,595+"
56,"The Bon | 1260 Boylston St, Boston, MA",Studio,"$3,000+"
57,"The Bon | 1260 Boylston St, Boston, MA",1 bd,"$4,000+"
58,"The Bon | 1260 Boylston St, Boston, MA",2 bd,"$5,530+"
59,"Kilsyth Hall Apartments | 100 Kilsyth Rd, Boston, MA",Studio,"$2,095+"
60,"Kilsyth Hall Apartments | 100 Kilsyth Rd, Boston, MA",1 bd,"$2,560+"
61,"62 on the Park | 62 Boylston St, Boston, MA",Studio,"$2,500+"
62,"62 on the Park | 62 Boylston St, Boston, MA",1 bd,"$3,100+"
63,"Rockingham Glen | 30 Rockingham Ave, West Roxbury, MA",1 bd,"$2,165+"
64,"Rockingham Glen | 30 Rockingham Ave, West Roxbury, MA",2 bd,"$2,925+"
65,"Oak Row Apartments | 1235 Vfw Pkwy, West Roxbury, MA",2 bd,"$3,328+"
66,"Harbor Point | 24 Oyster Bay Rd, Dorchester, MA",1 bd,"$2,595+"
67,"Harbor Point | 24 Oyster Bay Rd, Dorchester, MA",2 bd,"$3,295+"
68,"Harbor Point | 24 Oyster Bay Rd, Dorchester, MA",3 bd,"$4,475+"
69,"280 Western | 280 Western Ave, Allston, MA",Studio,"$2,800+"
70,"280 Western | 280 Western Ave, Allston, MA",1 bd,"$3,300+"
71,"280 Western | 280 Western Ave, Allston, MA",2 bd,"$3,999+"
72,"BostonView Apartments, 130-140 Bowdoin St #1106, Boston, MA 02108",1 bd,"$3,000/mo"
73,"Peninsula Apartments | 401 Mount Vernon St, Dorchester, MA",Studio,"$2,291+"
74,"Peninsula Apartments | 401 Mount Vernon St, Dorchester, MA",1 bd,"$2,582+"
75,"Peninsula Apartments | 401 Mount Vernon St, Dorchester, MA",2 bd,"$3,399+"
76,"Harborview at the Navy Yard | 250 1st Ave, Charlestown, MA",Studio,"$3,393+"
77,"Harborview at the Navy Yard | 250 1st Ave, Charlestown, MA",1 bd,"$3,291+"
78,"Harborview at the Navy Yard | 250 1st Ave, Charlestown, MA",2 bd,"$6,995+"
79,"Radius | 530 Western Ave, Brighton, MA",Studio,"$2,667+"
80,"Radius | 530 Western Ave, Brighton, MA",1 bd,"$3,328+"
81,"Radius | 530 Western Ave, Brighton, MA",2 bd,"$4,024+"
82,"South Standard | 235 Old Colony Ave, Boston, MA",Studio,"$2,590+"
83,"South Standard | 235 Old Colony Ave, Boston, MA",1 bd,"$3,380+"
84,"South Standard | 235 Old Colony Ave, Boston, MA",2 bd,"$4,505+"
85,"South Standard | 235 Old Colony Ave, Boston, MA",3 bd,"$6,185+"
86,"Avalon Brighton | 139 Washington St, Brighton, MA",Studio,"$2,635+"
87,"Avalon Brighton | 139 Washington St, Brighton, MA",1 bd,"$3,520+"
88,"Avalon Brighton | 139 Washington St, Brighton, MA",2 bd,"$3,975+"
89,"Avalon Brighton | 139 Washington St, Brighton, MA",3 bd,"$5,515+"
90,"Washington Heights Apartments | 135 Washington St, Brighton, MA",Studio,"$2,150+"
91,"Washington Heights Apartments | 135 Washington St, Brighton, MA",1 bd,"$2,200+"
92,"Washington Heights Apartments | 135 Washington St, Brighton, MA",2 bd,"$2,850+"
93,"MBH Apartments | 1078 Boylston St, Boston, MA",1 bd,"$2,800+"
94,"The Rise at Longwood | 198 Hillside St, Boston, MA",1 bd,"$2,800+"
95,"The Rise at Longwood | 198 Hillside St, Boston, MA",2 bd,"$3,400+"
96,"Christopher Columbus Plaza | 145 Commercial St, Boston, MA",1 bd,"$3,300+"
97,"Christopher Columbus Plaza | 145 Commercial St, Boston, MA",2 bd,"$4,495+"
98,"1550 on the Charles | 1550 Soldiers Field Rd, Brighton, MA",Studio,"$2,903+"
99,"1550 on the Charles | 1550 Soldiers Field Rd, Brighton, MA",1 bd,"$2,785+"
100,"1550 on the Charles | 1550 Soldiers Field Rd, Brighton, MA",2 bd,"$3,730+"
101,"Brandywyne Village | 88 Brandywyne Dr, Boston, MA",2 bd,"$3,482+"
102,"340 Bremen St | East Boston | 340 Bremen St, Boston, MA",1 bd,"$2,800+"
103,"340 Bremen St | East Boston | 340 Bremen St, Boston, MA",2 bd,"$3,250+"
104,"The Tremont, 1482 Tremont St #305, Roxbury Crossing, MA 02120",2 bds,"$4,566/mo"
105,"Clippership Apartments on the Wharf | 63 Lewis St, Boston, MA",Studio,"$2,923+"
106,"Clippership Apartments on the Wharf | 63 Lewis St, Boston, MA",1 bd,"$3,413+"
107,"Clippership Apartments on the Wharf | 63 Lewis St, Boston, MA",2 bd,"$4,096+"
108,"12 Commonwealth | 12-14 Commonwealth Ave, Boston, MA",Studio,"$2,900+"
109,"12 Commonwealth | 12-14 Commonwealth Ave, Boston, MA",1 bd,"$4,025+"
110,"Mission Main, 43 Smith St #S024C, Roxbury Crossing, MA 02120",3 bds,"$5,400/mo"
111,"Camden Street Apartments | 150 Camden St, Boston, MA",1 bd,"$3,250+"
112,"Camden Street Apartments | 150 Camden St, Boston, MA",2 bd,"$4,800+"
113,"The Kensington | 665 Washington St, Boston, MA",Studio,"$3,350+"
114,"The Kensington | 665 Washington St, Boston, MA",1 bd,"$3,600+"
115,"The Kensington | 665 Washington St, Boston, MA",2 bd,"$4,781+"
116,"Adams Village | 725-735 Adams St, Dorchester, MA",Studio,"$1,955+"
117,"55 BRIGHTON AT PACKARD CROSSING | 55 Brighton Ave, Allston, MA",1 bd,"$3,750+"
118,"55 BRIGHTON AT PACKARD CROSSING | 55 Brighton Ave, Allston, MA",2 bd,"$4,600+"
119,"106-116 Tremont Street, 106 Tremont St #116001, Brighton, MA 02135",2 bds,"$2,895/mo"
120,"Eagle Rock Apartments and Townhomes at Brighton | 9 Bronsdon St, Brighton, MA",2 bd,"$3,255+"
121,"Eagle Rock Apartments and Townhomes at Brighton | 9 Bronsdon St, Brighton, MA",3 bd,"$3,665+"
122,"3200 Washington | 3200 Washington St, Jamaica Plain, MA",2 bd,"$3,749+"
123,"The Summit | 321 Summit Ave, Brighton, MA",2 bd,"$3,000+"
124,"Velo | 3686 Washington St, Jamaica Plain, MA",Studio,"$2,638+"
125,"Velo | 3686 Washington St, Jamaica Plain, MA",1 bd,"$2,893+"
126,"Velo | 3686 Washington St, Jamaica Plain, MA",2 bd,"$3,831+"
127,"Velo | 3686 Washington St, Jamaica Plain, MA",3 bd,"$4,876+"
128,"Continuum | 219 Western Ave, Allston, MA",Studio,"$2,844+"
129,"Continuum | 219 Western Ave, Allston, MA",1 bd,"$4,308+"
130,"Continuum | 219 Western Ave, Allston, MA",2 bd,"$4,665+"
131,"Reservoir Towers | 1925 Commonwealth Ave, Brighton, MA",1 bd,"$2,425+"
132,"1943 DOT Ave | 1943 Dorchester Ave, Boston, MA",Studio,"$2,075+"
133,"Avalon North Station | 1 Nashua St, Boston, MA",Studio,"$2,770+"
134,"Avalon North Station | 1 Nashua St, Boston, MA",1 bd,"$3,620+"
135,"Avalon North Station | 1 Nashua St, Boston, MA",2 bd,"$4,280+"
136,"The Graphic Lofts | 32 Cambridge St, Charlestown, MA",Studio,"$2,417+"
137,"The Graphic Lofts | 32 Cambridge St, Charlestown, MA",1 bd,"$3,075+"
138,"The Lofts at East Berkeley, 160 E Berkeley St APT 515, Boston, MA 02118",3 bds,"$5,400/mo"
139,"Serenity | 101 S Huntington Ave, Jamaica Plain, MA",Studio,"$2,933+"
140,"Serenity | 101 S Huntington Ave, Jamaica Plain, MA",1 bd,"$3,284+"
141,"Serenity | 101 S Huntington Ave, Jamaica Plain, MA",2 bd,"$4,841+"
142,"Serenity | 101 S Huntington Ave, Jamaica Plain, MA",3 bd,"$6,451+"
143,"365 Western Ave | 365 Western Ave, Brighton, MA",Studio,"$2,500+"
144,"365 Western Ave | 365 Western Ave, Brighton, MA",1 bd,"$3,200+"
145,"365 Western Ave | 365 Western Ave, Brighton, MA",2 bd,"$3,450+"
146,"365 Western Ave | 365 Western Ave, Brighton, MA",3 bd,"$5,000+"
147,"Addison | 144 Addison St, Boston, MA",Studio,"$2,481+"
148,"Addison | 144 Addison St, Boston, MA",1 bd,"$2,497+"
149,"Addison | 144 Addison St, Boston, MA",2 bd,"$2,945+"
150,"The Harvey | 50 Hood Park Dr, Boston, MA",Studio,"$2,902+"
151,"The Harvey | 50 Hood Park Dr, Boston, MA",1 bd,"$3,112+"
152,"The Harvey | 50 Hood Park Dr, Boston, MA",2 bd,"$5,243+"
153,"Malvern Place Apartments, 40 Malvern St #502, Allston, MA 02134",2 bds,"$4,150/mo"
154,"Alder at Allston Yards | 301 Guest St, Brighton, MA",Studio,"$3,275+"
155,"Alder at Allston Yards | 301 Guest St, Brighton, MA",1 bd,"$3,540+"
156,"Alder at Allston Yards | 301 Guest St, Brighton, MA",2 bd,"$4,950+"
157,"Alder at Allston Yards | 301 Guest St, Brighton, MA",3 bd,"$5,999+"
158,"Woodstock Ave | 63 Woodstock Ave, Brighton, MA",Studio,"$1,950+"
159,"The Monroe | 105 Washington St, Brighton, MA",2 bd,"$4,300+"
160,"One Greenway | 99 Kneeland St, Boston, MA",1 bd,"$3,397+"
161,"One Greenway | 99 Kneeland St, Boston, MA",2 bd,"$4,306+"
162,"100 Jersey St. | 50 Peterborough St, Boston, MA",1 bd,"$3,200+"
163,"100 Jersey St. | 50 Peterborough St, Boston, MA",2 bd,"$4,200+"
164,"Avalon at Prudential Center | 770 Boylston St, Boston, MA",Studio,"$3,240+"
165,"Avalon at Prudential Center | 770 Boylston St, Boston, MA",1 bd,"$3,620+"
166,"Avalon at Prudential Center | 770 Boylston St, Boston, MA",2 bd,"$5,885+"
167,"Avalon at Prudential Center | 770 Boylston St, Boston, MA",3 bd,"$9,493+"
168,"Portside at East Pier | 40 E Pier Dr, Boston, MA",Studio,"$2,589+"
169,"Portside at East Pier | 40 E Pier Dr, Boston, MA",1 bd,"$2,752+"
170,"Portside at East Pier | 40 E Pier Dr, Boston, MA",2 bd,"$4,147+"
171,"The Residences on Broadway | 50 W Broadway, Boston, MA",Studio,"$2,695+"
172,"The Residences on Broadway | 50 W Broadway, Boston, MA",1 bd,"$2,951+"
173,"The Residences on Broadway | 50 W Broadway, Boston, MA",2 bd,"$3,859+"
174,"Selkirk Place Apartments, 56-58 Selkirk Rd #56-2, Brighton, MA 02135",2 bds,"$2,700/mo"
175,"Carson Tower | 1410 Columbia Rd, Boston, MA",1 bd,"$3,000+"
176,"Carson Tower | 1410 Columbia Rd, Boston, MA",2 bd,"$3,200+"
177,"Carson Tower | 1410 Columbia Rd, Boston, MA",3 bd,"$4,400+"
178,"Church Park | 221 Massachusetts Ave, Boston, MA",Studio,"$3,905+"
179,"Church Park | 221 Massachusetts Ave, Boston, MA",1 bd,"$4,030+"
180,"Church Park | 221 Massachusetts Ave, Boston, MA",2 bd,"$5,825+"
181,"252 Independence | 252 Independence Dr, Chestnut Hill, MA",1 bd,"$3,100+"
182,"252 Independence | 252 Independence Dr, Chestnut Hill, MA",2 bd,"$3,600+"
183,"36-44 Quint Ave, 36 Quint Ave APT 3, Allston, MA 02134",1 bd,"$2,495/mo"
184,"Ink Block | 300 Harrison Ave, Boston, MA",Studio,"$2,883+"
185,"Ink Block | 300 Harrison Ave, Boston, MA",1 bd,"$4,038+"
186,"Ink Block | 300 Harrison Ave, Boston, MA",2 bd,"$5,135+"
187,"Ink Block | 300 Harrison Ave, Boston, MA",3 bd,"$7,073+"
188,"Garrison Square | 7 Harcourt St, Boston, MA",1 bd,"$3,624+"
189,"Garrison Square | 7 Harcourt St, Boston, MA",2 bd,"$4,875+"
190,"1200 Commonwealth Ave | 1200 Commonwealth Ave, Allston, MA",2 bd,"$2,895+"
191,"Devonshire | 1 Devonshire Pl, Boston, MA",1 bd,"$3,470+"
192,"Devonshire | 1 Devonshire Pl, Boston, MA",2 bd,"$4,161+"
193,"Boston East | 126 Border St, East Boston, MA",Studio,"$2,664+"
194,"Boston East | 126 Border St, East Boston, MA",1 bd,"$2,613+"
195,"Boston East | 126 Border St, East Boston, MA",2 bd,"$3,358+"
196,"Commonwealth Gardens | 1131 Commonwealth Ave, Allston, MA",3 bd,"$3,350+"
197,"225 Centre | 225 Centre St, Roxbury, MA",1 bd,"$2,700+"
198,"225 Centre | 225 Centre St, Roxbury, MA",2 bd,"$3,400+"
199,"225 Centre | 225 Centre St, Roxbury, MA",3 bd,"$4,800+"
200,"28 Fleet St | 28 Fleet St, Boston, MA",2 bd,"$3,500+"
201,"28 Fleet St | 28 Fleet St, Boston, MA",3 bd,"$4,700+"
202,"28 Fleet St | 28 Fleet St, Boston, MA",4 bd,"$6,400+"
203,"Bower | 771 Beacon St, Boston, MA",Studio,"$3,552+"
204,"Bower | 771 Beacon St, Boston, MA",1 bd,"$3,402+"
205,"Bower | 771 Beacon St, Boston, MA",2 bd,"$6,237+"
206,"Boylston St, 40 | 40 Boylston St, Boston, MA",1 bd,"$3,000+"
207,"Boylston St, 40 | 40 Boylston St, Boston, MA",2 bd,"$4,000+"
208,"Lantera at Boston Landing | 125 Guest St, Boston, MA",Studio,"$2,474+"
209,"Lantera at Boston Landing | 125 Guest St, Boston, MA",1 bd,"$3,126+"
210,"Lantera at Boston Landing | 125 Guest St, Boston, MA",2 bd,"$4,143+"
211,"Lantera at Boston Landing | 125 Guest St, Boston, MA",3 bd,"$5,926+"
212,"One Canal Apartments | 1 Canal St, Boston, MA",Studio,"$2,977+"
213,"One Canal Apartments | 1 Canal St, Boston, MA",1 bd,"$3,418+"
214,"One Canal Apartments | 1 Canal St, Boston, MA",2 bd,"$4,797+"
215,"Coppersmith Village, 99 Border St #310, Boston, MA 02128",2 bds,"$3,150/mo"
216,"James and Harrison Court | 45 E Newton St, Boston, MA",Studio,"$3,335+"
217,"James and Harrison Court | 45 E Newton St, Boston, MA",1 bd,"$3,255+"
218,"James and Harrison Court | 45 E Newton St, Boston, MA",2 bd,"$3,920+"
219,"The Harlo | 1350 Boylston St, Boston, MA",Studio,"$3,250+"
220,"The Harlo | 1350 Boylston St, Boston, MA",1 bd,"$4,165+"
221,"The Harlo | 1350 Boylston St, Boston, MA",2 bd,"$5,925+"
222,"Hamilton Union | 435 Cambridge St, Allston, MA",1 bd,"$2,100+"
223,"Hamilton Union | 435 Cambridge St, Allston, MA",2 bd,"$2,600+"
224,"Hamilton Union | 435 Cambridge St, Allston, MA",3 bd,"$3,150+"
225,"Hamilton Union | 435 Cambridge St, Allston, MA",4 bd,"$3,750+"
226,"Atlas Residences, 223 Harvard Ave APT 8, Allston, MA 02134",2 bds,"$3,400/mo"
227,"Courtyard at North Beacon | 140 N Beacon St, Brighton, MA",2 bd,"$3,200+"
228,"3-15 Lorraine Terrace | 3 Lorraine Ter, Allston, MA",2 bd,"$2,895+"
229,"3-15 Lorraine Terrace | 3 Lorraine Ter, Allston, MA",3 bd,"$3,495+"
230,"Mezzo Design Lofts | 30 Caldwell St, Charlestown, MA",Studio,"$2,268+"
231,"Mezzo Design Lofts | 30 Caldwell St, Charlestown, MA",1 bd,"$2,917+"
232,"Mezzo Design Lofts | 30 Caldwell St, Charlestown, MA",2 bd,"$4,262+"
233,"AVA Back Bay | 790 Boylston St, Boston, MA",Studio,"$3,225+"
234,"AVA Back Bay | 790 Boylston St, Boston, MA",1 bd,"$3,990+"
235,"AVA Back Bay | 790 Boylston St, Boston, MA",2 bd,"$6,085+"
236,"AVA Back Bay | 790 Boylston St, Boston, MA",3 bd,"$8,660+"
237,"80 Fuller Street, 80 Fuller St, Dorchester Center, MA 02124",3 bds,"$4,500+/mo"
238,"Gardner Terrace, 9 Gardner Ter, Allston, MA 02134",3 bds,"$4,200+/mo"
239,"Ora Seaport | 899 Congress St, Boston, MA",Studio,"$2,926+"
240,"Ora Seaport | 899 Congress St, Boston, MA",1 bd,"$3,992+"
241,"Ora Seaport | 899 Congress St, Boston, MA",2 bd,"$5,298+"
242,"Ora Seaport | 899 Congress St, Boston, MA",3 bd,"$7,513+"
243,"16-18 Highgate, 16 Highgate St #303, Allston, MA 02134",2 bds,"$3,895/mo"
244,"Trac 75 | 75 Braintree St, Allston, MA",Studio,"$3,115+"
245,"Trac 75 | 75 Braintree St, Allston, MA",1 bd,"$3,000+"
246,"Trac 75 | 75 Braintree St, Allston, MA",2 bd,"$4,130+"
247,"BLDG 89 | 89 Brighton Ave, Allston, MA",1 bd,"$3,347+"
248,"The Bennington, 917 Bennington St #206, Boston, MA 02128",2 bds,"$3,200/mo"
249,"The Brookliner | 5 Washington St, Brighton, MA",Studio,"$3,332+"
250,"The Brookliner | 5 Washington St, Brighton, MA",1 bd,"$3,384+"
251,"The Brookliner | 5 Washington St, Brighton, MA",2 bd,"$4,498+"
252,"80 Sutherland | 80 Sutherland Rd, Brighton, MA",1 bd,"$2,400+"
253,"80 Sutherland | 80 Sutherland Rd, Brighton, MA",2 bd,"$2,750+"
254,"Westland Avenue | 66 Westland Ave, Boston, MA",1 bd,"$2,151+"
255,"Westland Avenue | 66 Westland Ave, Boston, MA",2 bd,"$2,850+"
256,"100 Pier 4 | 100 Pier 4 Blvd, Boston, MA",Studio,"$3,252+"
257,"100 Pier 4 | 100 Pier 4 Blvd, Boston, MA",1 bd,"$3,778+"
258,"100 Pier 4 | 100 Pier 4 Blvd, Boston, MA",2 bd,"$4,492+"
259,"1-6 Ashford Court, 1 Ashford Ct #505, Allston, MA 02134",1 bd,"$3,500/mo"
260,"The Eddy | 10 New St, Boston, MA",Studio,"$2,622+"
261,"The Eddy | 10 New St, Boston, MA",1 bd,"$3,058+"
262,"The Eddy | 10 New St, Boston, MA",2 bd,"$3,997+"
263,"Park Lane Seaport | 1 Park Ln, Boston, MA",Studio,"$3,239+"
264,"Park Lane Seaport | 1 Park Ln, Boston, MA",1 bd,"$3,515+"
265,"Park Lane Seaport | 1 Park Ln, Boston, MA",2 bd,"$4,079+"
266,"The Colonnade Residences | 118 Huntington Ave, Boston, MA",2 bd,"$7,200+"
267,"Alcott | 35 Lomasney Way, Boston, MA",1 bd,"$3,685+"
268,"Alcott | 35 Lomasney Way, Boston, MA",2 bd,"$5,230+"
269,"David at 775, 775 Morton St, Mattapan, MA 02126",2 bds,"$2,950+/mo"
270,"3-15 Carol Avenue, 3 Carol Ave #15-10, Brighton, MA 02135",2 bds,"$3,095/mo"
271,"The Smith | 89 E Dedham St, Boston, MA",Studio,"$3,279+"
272,"The Smith | 89 E Dedham St, Boston, MA",1 bd,"$3,480+"
273,"The Smith | 89 E Dedham St, Boston, MA",2 bd,"$5,015+"
274,"The Smith | 89 E Dedham St, Boston, MA",3 bd,"$7,868+"
275,"30 Dalton | 30 Dalton St, Boston, MA",1 bd,"$4,236+"
276,"30 Dalton | 30 Dalton St, Boston, MA",2 bd,"$7,095+"
277,"30 Dalton | 30 Dalton St, Boston, MA",3 bd,"$27,208+"
278,"Zero Athens | 35 W 2nd St, Boston, MA",Studio,"$2,650+"
279,"Zero Athens | 35 W 2nd St, Boston, MA",1 bd,"$2,850+"
280,"The Indie | 35-43 Braintree St, Allston, MA",Studio,"$2,583+"
281,"The Indie | 35-43 Braintree St, Allston, MA",1 bd,"$3,388+"
282,"The Indie | 35-43 Braintree St, Allston, MA",2 bd,"$4,551+"
283,"The Indie | 35-43 Braintree St, Allston, MA",3 bd,"$5,300+"
284,"286 & 288 Chestnut Hill Avenue | 286 Chestnut Hill Ave, Brighton, MA",Studio,"$2,250+"
285,"286 & 288 Chestnut Hill Avenue | 286 Chestnut Hill Ave, Brighton, MA",1 bd,"$2,450+"
286,"Albany Street Apartments | 601 Albany St, Boston, MA",Studio,"$2,500+"
287,"Albany Street Apartments | 601 Albany St, Boston, MA",1 bd,"$3,000+"
288,"Albany Street Apartments | 601 Albany St, Boston, MA",2 bd,"$3,450+"
289,"Gables Seaport | 501 Congress St, Boston, MA",Studio,"$2,875+"
290,"Gables Seaport | 501 Congress St, Boston, MA",1 bd,"$3,695+"
291,"Gables Seaport | 501 Congress St, Boston, MA",2 bd,"$5,255+"
292,"65 Chiswick Rd | 65 Chiswick Rd, Brighton, MA",1 bd,"$2,400+"
293,"65 Chiswick Rd | 65 Chiswick Rd, Brighton, MA",2 bd,"$2,600+"
294,"ONE52 - Luxury Apartments | 152 Liverpool St, Boston, MA",1 bd,"$2,750+"
295,"ONE52 - Luxury Apartments | 152 Liverpool St, Boston, MA",2 bd,"$3,350+"
296,"LUKA on the Common | 45 Stuart St, Boston, MA",Studio,"$3,230+"
297,"LUKA on the Common | 45 Stuart St, Boston, MA",1 bd,"$3,650+"
298,"LUKA on the Common | 45 Stuart St, Boston, MA",2 bd,"$4,720+"
299,"Eleven West | 11 W Broadway, Boston, MA",1 bd,"$3,150+"
300,"Eleven West | 11 W Broadway, Boston, MA",2 bd,"$3,937+"
301,"660 Washington | 660 Washington St, Boston, MA",Studio,"$3,210+"
302,"660 Washington | 660 Washington St, Boston, MA",1 bd,"$3,505+"
303,"660 Washington | 660 Washington St, Boston, MA",2 bd,"$5,360+"
304,"660 Washington | 660 Washington St, Boston, MA",3 bd,"$6,398+"
305,"Castle Square Apartments, 484 Tremont St #72, Boston, MA 02116",1 bd,"$2,805/mo"
306,"Waterside Place by Windsor | 505 Congress St, Boston, MA",1 bd,"$3,335+"
307,"Waterside Place by Windsor | 505 Congress St, Boston, MA",2 bd,"$4,205+"
308,"345 Harrison | 345 Harrison Ave, Boston, MA",Studio,"$2,899+"
309,"345 Harrison | 345 Harrison Ave, Boston, MA",1 bd,"$3,580+"
310,"345 Harrison | 345 Harrison Ave, Boston, MA",2 bd,"$5,255+"
311,"The Metlo | 399 Congress St, Boston, MA",Studio,"$2,869+"
312,"The Metlo | 399 Congress St, Boston, MA",1 bd,"$3,856+"
313,"The Metlo | 399 Congress St, Boston, MA",2 bd,"$5,523+"
314,"The Metlo | 399 Congress St, Boston, MA",3 bd,"$5,648+"
315,"1197 Commonwealth | 1197 Commonwealth Ave, Allston, MA",Studio,"$2,000+"
316,"1197 Commonwealth | 1197 Commonwealth Ave, Allston, MA",1 bd,"$2,450+"
317,"1197 Commonwealth | 1197 Commonwealth Ave, Allston, MA",2 bd,"$2,950+"
318,"1197 Commonwealth | 1197 Commonwealth Ave, Allston, MA",3 bd,"$4,260+"
319,"1082 Commonwealth Ave | 1082 Commonwealth Ave, Boston, MA",1 bd,"$2,800+"
320,"1082 Commonwealth Ave | 1082 Commonwealth Ave, Boston, MA",2 bd,"$3,300+"
321,"Radian | 120 Kingston St, Boston, MA",1 bd,"$3,771+"
322,"Radian | 120 Kingston St, Boston, MA",2 bd,"$5,203+"
323,"Radian | 120 Kingston St, Boston, MA",3 bd,"$7,079+"
324,"The Victor by Windsor | 110 Beverly St, Boston, MA",Studio,"$3,085+"
325,"The Victor by Windsor | 110 Beverly St, Boston, MA",1 bd,"$3,325+"
326,"The Victor by Windsor | 110 Beverly St, Boston, MA",2 bd,"$4,615+"
327,"Gardner Court Apartments, 72 Gardner St #F1, Allston, MA 02134",4 bds,"$4,395/mo"
328,"735 Truman Apartments, 735 Truman Pkwy, Hyde Park, MA 02136",1 bd,"$2,510+/mo"
329,"Girard | 50 Malden St, Boston, MA",1 bd,"$3,150+"
330,"Girard | 50 Malden St, Boston, MA",2 bd,"$3,835+"
331,"Hub50House | 50 Causeway St, Boston, MA",Studio,"$3,248+"
332,"Hub50House | 50 Causeway St, Boston, MA",1 bd,"$3,815+"
333,"Hub50House | 50 Causeway St, Boston, MA",2 bd,"$4,971+"
334,"112 Jersey ST. | 112 Jersey St, Boston, MA",Studio,"$2,400+"
335,"112 Jersey ST. | 112 Jersey St, Boston, MA",1 bd,"$2,700+"
336,"112 Jersey ST. | 112 Jersey St, Boston, MA",2 bd,"$3,850+"
337,"Diamond Fenway | 9 Miner St, Boston, MA",1 bd,"$3,400+"
338,"Diamond Fenway | 9 Miner St, Boston, MA",2 bd,"$4,800+"
339,"Pierce Boston | 200 Brookline Ave, Boston, MA",Studio,"$4,142+"
340,"Pierce Boston | 200 Brookline Ave, Boston, MA",1 bd,"$4,412+"
341,"Pierce Boston | 200 Brookline Ave, Boston, MA",2 bd,"$8,083+"
342,"Pierce Boston | 200 Brookline Ave, Boston, MA",3 bd,"$10,129+"
343,"656 Saratoga Street | 656 Saratoga St, Boston, MA",1 bd,"$2,700+"
344,"656 Saratoga Street | 656 Saratoga St, Boston, MA",2 bd,"$3,500+"
345,"212 Stuart | 212 Stuart St, Boston, MA",1 bd,"$4,540+"
346,"212 Stuart | 212 Stuart St, Boston, MA",2 bd,"$7,195+"
347,"212 Stuart | 212 Stuart St, Boston, MA",3 bd,"$22,510+"
348,"Troy Boston | 55 Traveler St, Boston, MA",Studio,"$2,785+"
349,"Troy Boston | 55 Traveler St, Boston, MA",1 bd,"$3,350+"
350,"Troy Boston | 55 Traveler St, Boston, MA",2 bd,"$4,065+"
351,"Emerson Place | 1 Emerson Pl, Boston, MA",Studio,"$2,710+"
352,"Emerson Place | 1 Emerson Pl, Boston, MA",1 bd,"$2,975+"
353,"Emerson Place | 1 Emerson Pl, Boston, MA",2 bd,"$4,315+"
354,"381 Congress Lofts | 381 Congress St, Boston, MA",Studio,"$3,049+"
355,"381 Congress Lofts | 381 Congress St, Boston, MA",1 bd,"$3,399+"
356,"Royce Rd, 11 Royce Rd APT 4, Boston, MA 02134",Studio ba,"$1,950/mo"
357,"740 E 7th St, 740 E 7th St APT 18, Boston, MA 02127",1 bd,"$2,450/mo"
358,"Flats on D | 411 D St, Boston, MA",Studio,"$2,709+"
359,"Flats on D | 411 D St, Boston, MA",1 bd,"$2,976+"
360,"Flats on D | 411 D St, Boston, MA",2 bd,"$3,861+"
361,"VELKOR 245 NOMINEE TRUST, 245 Sumner St #104, Boston, MA 02128",2 bds,"$3,475/mo"
362,"Watermark Seaport | 85 Seaport Blvd, Boston, MA",Studio,"$2,649+"
363,"Watermark Seaport | 85 Seaport Blvd, Boston, MA",1 bd,"$3,321+"
364,"Watermark Seaport | 85 Seaport Blvd, Boston, MA",2 bd,"$4,728+"
365,"Thread | 1580 River St, Hyde Park, MA",1 bd,"$2,550+"
366,"Thread | 1580 River St, Hyde Park, MA",2 bd,"$3,050+"
367,"The West End Apartments | 4 Emerson Pl, Boston, MA",Studio,"$2,900+"
368,"The West End Apartments | 4 Emerson Pl, Boston, MA",1 bd,"$3,215+"
369,"The West End Apartments | 4 Emerson Pl, Boston, MA",2 bd,"$4,825+"
370,"Avenir | 101 Canal St, Boston, MA",Studio,"$2,840+"
371,"Avenir | 101 Canal St, Boston, MA",1 bd,"$3,875+"
372,"Avenir | 101 Canal St, Boston, MA",2 bd,"$4,130+"
373,"38 Hemenway | 38 Hemenway St, Boston, MA",Studio,"$2,350+"
374,"38 Hemenway | 38 Hemenway St, Boston, MA",1 bd,"$2,600+"
375,"38 Hemenway | 38 Hemenway St, Boston, MA",2 bd,"$3,400+"
376,"38 Hemenway | 38 Hemenway St, Boston, MA",3 bd,"$4,800+"
377,"455 E 1st St, 455 E 1st St #402, Boston, MA 02127",1 bd,"$4,000/mo"
378,"4, 8, 12 Elko Street, 4 Elko St #810, Brighton, MA 02135",3 bds,"$3,200/mo"
379,"Kilsyth Manor Apartments | 111 Kilsyth Rd, Brighton, MA",1 bd,"$2,395+"
380,"Kilsyth Manor Apartments | 111 Kilsyth Rd, Brighton, MA",2 bd,"$3,125+"
381,"Kilsyth Manor Apartments | 111 Kilsyth Rd, Brighton, MA",3 bd,"$3,595+"
382,"315 on A | 315 A St, Boston, MA",Studio,"$2,905+"
383,"315 on A | 315 A St, Boston, MA",1 bd,"$3,445+"
384,"315 on A | 315 A St, Boston, MA",2 bd,"$4,845+"
385,"Bowdoin School Apartments | 45 Myrtle St, Boston, MA",1 bd,"$3,000+"
386,"Bowdoin School Apartments | 45 Myrtle St, Boston, MA",2 bd,"$3,540+"
387,"33-39 Maverick Square, 33 Maverick Sq #301, Boston, MA 02128",2 bds,"$2,800/mo"
388,"Ashford Street | 53-55 Ashford St, Allston, MA",2 bd,"$2,950+"
389,"Van Ness | 1335 Boylston St, Boston, MA",Studio,"$3,668+"
390,"Van Ness | 1335 Boylston St, Boston, MA",1 bd,"$4,674+"
391,"Morton Village | 65 Morton Village Dr, Mattapan, MA",Studio,"$1,371+"
392,"Morton Village | 65 Morton Village Dr, Mattapan, MA",1 bd,"$1,449+"
393,"Morton Village | 65 Morton Village Dr, Mattapan, MA",2 bd,"$1,729+"
394,"1384 Commonwealth | 1384 Commonwealth Ave, Allston, MA",Studio,"$1,950+"
395,"1384 Commonwealth | 1384 Commonwealth Ave, Allston, MA",1 bd,"$2,300+"
396,"1384 Commonwealth | 1384 Commonwealth Ave, Allston, MA",2 bd,"$2,650+"
397,"1212 Commonwealth ave | 1212 Commonwealth Ave, Allston, MA",1 bd,"$1,950+"
398,"The Towers at Longfellow | 72 Staniford St, Boston, MA",Studio,"$2,525+"
399,"The Towers at Longfellow | 72 Staniford St, Boston, MA",1 bd,"$2,950+"
400,"The Towers at Longfellow | 72 Staniford St, Boston, MA",2 bd,"$4,675+"
401,"The Towers at Longfellow | 72 Staniford St, Boston, MA",3 bd,"$5,575+"
402,"The Sudbury | 100 Sudbury St, Boston, MA",Studio,"$3,495+"
403,"The Sudbury | 100 Sudbury St, Boston, MA",1 bd,"$3,860+"
404,"The Sudbury | 100 Sudbury St, Boston, MA",2 bd,"$6,520+"
405,"The Sudbury | 100 Sudbury St, Boston, MA",3 bd,"$7,485+"
406,"77-81 Park Drive | 77 Park Dr, Boston, MA",1 bd,"$2,800+"
407,"77-81 Park Drive | 77 Park Dr, Boston, MA",2 bd,"$3,800+"
408,"77-81 Park Drive | 77 Park Dr, Boston, MA",3 bd,"$4,400+"
409,"The Alyx | 131 Seaport Blvd, Boston, MA",Studio,"$3,526+"
410,"The Alyx | 131 Seaport Blvd, Boston, MA",1 bd,"$4,413+"
411,"The Alyx | 131 Seaport Blvd, Boston, MA",2 bd,"$5,400+"
412,"The Alyx | 131 Seaport Blvd, Boston, MA",3 bd,"$11,748+"
413,"117 Park Drive | 117 Park Dr, Boston, MA",Studio,"$2,400+"
414,"117 Park Drive | 117 Park Dr, Boston, MA",1 bd,"$2,800+"
415,"117 Park Drive | 117 Park Dr, Boston, MA",2 bd,"$3,850+"
416,"Mercantile Wharf, 111 Atlantic Ave APT 220, Boston, MA 02109",1 bd,"$3,425/mo"
417,"191-195 Park Drive | 191 Park Dr, Boston, MA",Studio,"$2,300+"
418,"191-195 Park Drive | 191 Park Dr, Boston, MA",1 bd,"$2,600+"
419,"191-195 Park Drive | 191 Park Dr, Boston, MA",2 bd,"$3,199+"
420,"39 & 41 Shepard Street | 39 Shepard St, Brighton, MA",1 bd,"$2,495+"
421,"39 & 41 Shepard Street | 39 Shepard St, Brighton, MA",2 bd,"$2,395+"
422,"Avalon Exeter | 77 Exeter St, Boston, MA",Studio,"$4,195+"
423,"Avalon Exeter | 77 Exeter St, Boston, MA",1 bd,"$4,807+"
424,"Avalon Exeter | 77 Exeter St, Boston, MA",2 bd,"$6,645+"
425,"Avalon Exeter | 77 Exeter St, Boston, MA",3 bd,"$12,575+"
426,"32-40 Queensberry | 32 Queensberry St, Boston, MA",Studio,"$2,300+"
427,"32-40 Queensberry | 32 Queensberry St, Boston, MA",1 bd,"$2,500+"
428,"32-40 Queensberry | 32 Queensberry St, Boston, MA",2 bd,"$3,400+"
429,"5 Royce | 5 Royce Rd, Allston, MA",Studio,"$2,000+"
430,"5 Royce | 5 Royce Rd, Allston, MA",1 bd,"$2,400+"
431,"5 Royce | 5 Royce Rd, Allston, MA",2 bd,"$2,700+"
432,"VIA Seaport Residences | 5 Fan Pier Blvd, Boston, MA",Studio,"$2,729+"
433,"VIA Seaport Residences | 5 Fan Pier Blvd, Boston, MA",1 bd,"$3,232+"
434,"VIA Seaport Residences | 5 Fan Pier Blvd, Boston, MA",2 bd,"$5,778+"
435,"VIA Seaport Residences | 5 Fan Pier Blvd, Boston, MA",3 bd,"$7,094+"
436,"Stony Brook Commons | 390 Blue Ledge Dr, Roslindale, MA",Studio,"$1,543+"
437,"Stony Brook Commons | 390 Blue Ledge Dr, Roslindale, MA",1 bd,"$2,684+"
438,"Stony Brook Commons | 390 Blue Ledge Dr, Roslindale, MA",2 bd,"$2,641+"
439,"Stony Brook Commons | 390 Blue Ledge Dr, Roslindale, MA",3 bd,"$3,251+"
440,"11 Parker Hill | 11 Parker Hill Ave, Roxbury Crossing, MA",1 bd,"$2,600+"
441,"11 Parker Hill | 11 Parker Hill Ave, Roxbury Crossing, MA",2 bd,"$3,600+"
442,"1940 Commonwealth | 1940 Commonwealth Ave, Brighton, MA",Studio,"$2,000+"
443,"1940 Commonwealth | 1940 Commonwealth Ave, Brighton, MA",1 bd,"$2,250+"
444,"1940 Commonwealth | 1940 Commonwealth Ave, Brighton, MA",2 bd,"$2,500+"
445,"The Lofts at Atlantic Wharf | 530 Atlantic Ave, Boston, MA",1 bd,"$5,350+"
446,"85 Strathmore | 85 Strathmore Rd, Brighton, MA",Studio,"$1,900+"
447,"85 Strathmore | 85 Strathmore Rd, Brighton, MA",1 bd,"$2,200+"
448,"85 Strathmore | 85 Strathmore Rd, Brighton, MA",2 bd,"$2,500+"
449,"Gardner St, 34 | 34 Gardner St, Boston, MA",Studio,"$1,975+"
450,"Gardner St, 34 | 34 Gardner St, Boston, MA",2 bd,"$2,400+"
451,"Brighton Avenue Apartments, 19-25 | 19-25 Brighton Ave, Allston, MA",1 bd,"$1,900+"
452,"Parklake, 1970 Commonwealth Ave #1980-32, Brighton, MA 02135",1 bd,"$2,100/mo"
453,"741-745 | 741-745 E 6th St, Boston, MA",2 bd,"$3,000+"
454,"741-745 | 741-745 E 6th St, Boston, MA",3 bd,"$3,700+"
455,"95-97 Endicott, 95 Endicott St, Boston, MA 02113",3 bds,"$3,600+/mo"
456,"11 Woodside Ave #3A, Jamaica Plain, MA 02130",3 bds,"$3,100/mo"
457,"9-11 Moraine St #2, Boston, MA 02130",3 bds,"$4,300/mo"
458,"200 Highland St, Roxbury, MA",3 bd,"$3,300+"
459,"345 Commonwealth Ave, Boston, MA",2 bd,"$3,400+"
460,"124 Marine Rd APT 1, South Boston, MA 02127",2 bds,"$3,400/mo"
461,"49 Leyden St #1, East Boston, MA 02128",2 bds,"$3,300/mo"
462,"393 W Broadway, Boston, MA",1 bd,"$2,550+"
463,"393 W Broadway, Boston, MA",2 bd,"$3,200+"
464,"5 Oswald St, Boston, MA",3 bd,"$4,650+"
465,"724 Parker St, Boston, MA",4 bd,"$6,800+"
466,"724 Parker St, Boston, MA",5 bd,"$8,000+"
467,"13 Sachem St, Mission Hill, MA",4 bd,"$7,600+"
468,"13 Sachem St, Mission Hill, MA",6 bd,"$11,400+"
469,"8 Sunset St, Roxbury Crossing, MA",4 bd,"$7,600+"
470,"8 Sunset St, Roxbury Crossing, MA",5 bd,"$8,750+"
471,"719 Parker St, Roxbury, MA",3 bd,"$4,500+"
472,"719 Parker St, Roxbury, MA",4 bd,"$6,000+"
473,"830-3 Huntington Ave, Boston, MA",3 bd,"$4,200+"
474,"830-3 Huntington Ave, Boston, MA",4 bd,"$5,500+"
475,"1778 Commonwealth Ave, Brighton, MA",6 bd,"$9,300+"
476,"1778 Commonwealth Ave, Brighton, MA",8 bd,"$12,000+"
477,"16 Sewall St, Boston, MA",4 bd,"$7,400+"
478,"13-19 Stanhope St, Boston, MA",1 bd,"$5,495+"
479,"13-19 Stanhope St, Boston, MA",2 bd,"$6,725+"
480,"68 Calumet St, Roxbury Crossing, MA",3 bd,"$5,700+"
481,"68 Calumet St, Roxbury Crossing, MA",4 bd,"$7,200+"
482,"4 Farrington Ave, Allston, MA",3 bd,"$3,750+"
483,"4 Farrington Ave, Allston, MA",5 bd,"$6,750+"
484,"78 Hillside St APT 3, Boston, MA 02120",4 bds,"$6,200/mo"
485,"160-162 E Berkeley St, Boston, MA",1 bd,"$4,100+"
486,"160-162 E Berkeley St, Boston, MA",3 bd,"$5,400+"
487,"39 Hemenway St APT 1, Boston, MA 02115",4 bds,"$8,000/mo"
488,"10 Carmel St, Roxbury Crossing, MA",3 bd,"$4,800+"
489,"10 Carmel St, Roxbury Crossing, MA",4 bd,"$7,600+"
490,"419 Hanover St, Boston, MA",2 bd,"$3,200+"
491,"16-18 Highgate St, Allston, MA",1 bd,"$2,450+"
492,"16-18 Highgate St, Allston, MA",2 bd,"$3,200+"
493,"16-18 Highgate St, Allston, MA",4 bd,"$5,295+"
494,"16-18 Highgate St, Allston, MA",5 bd,"$6,825+"
495,"55 Leo M Birmingham Pkwy, Brighton, MA",2 bd,"$4,400+"
496,"235 Park Dr, Boston, MA",1 bd,"$2,475+"
497,"235 Park Dr, Boston, MA",2 bd,"$2,950+"
498,"99 Salem St #2, Boston, MA 02113",2 bds,"$3,200/mo"
499,"34 Raymond St, Allston, MA",5 bd,"$5,000+"
500,"36 Cherokee St, Roxbury Crossing, MA",4 bd,"$6,400+"
501,"36 Cherokee St, Roxbury Crossing, MA",5 bd,"$6,250+"
502,"19 Parker Hill Ave, Boston, MA",4 bd,"$7,600+"
503,"19 Parker Hill Ave, Boston, MA",6 bd,"$11,100+"
504,"298 Commonwealth Ave APT 202, Boston, MA 02115",1 bd,"$3,300/mo"
505,"6 Bellvista Rd, Brighton, MA",2 bd,"$2,500+"
506,"50 Leo M Birmingham Pkwy, Brighton, MA",1 bd,"$3,575+"
507,"50 Leo M Birmingham Pkwy, Brighton, MA",2 bd,"$4,200+"
508,"84-86 Linden St, Allston, MA",2 bd,"$5,450+"
509,"84-86 Linden St, Allston, MA",3 bd,"$5,100+"
510,"84-86 Linden St, Allston, MA",4 bd,"$5,300+"
511,"655 Chiswick Rd, Brighton, MA",1 bd,"$2,950+"
512,"655 Chiswick Rd, Brighton, MA",2 bd,"$3,600+"
513,"44 Hillside St, Roxbury Crossing, MA",4 bd,"$7,600+"
514,"44 Hillside St, Roxbury Crossing, MA",5 bd,"$9,500+"
515,"64 N Margin St, Boston, MA",2 bd,"$4,200+"
516,"88 W Cedar St, Boston, MA",1 bd,"$2,800+"
517,"88 W Cedar St, Boston, MA",2 bd,"$3,500+"
518,"731 Parker St, Roxbury, MA",4 bd,"$6,800+"
519,"168-2 Endicott St, Boston, MA",1 bd,"$2,300+"
520,"168-2 Endicott St, Boston, MA",2 bd,"$3,400+"
521,"168-2 Endicott St, Boston, MA",3 bd,"$4,500+"
522,"185 Hillside St, Mission Hill, MA 02120",5 bds,"$8,000/mo"
523,"89 Hillside St, Mission Hill, MA",3 bd,"$4,700+"
524,"279 Lamartine St, Jamaica Plain, MA",4 bd,"$5,800+"
525,"85 E India Row, Boston, MA",1 bd,"$3,250+"
526,"85 E India Row, Boston, MA",2 bd,"$4,400+"
527,"85 E India Row, Boston, MA",3 bd,"$6,500+"
528,"21 Cleveland Pl, Boston, MA",3 bd,"$3,200+"
529,"202 Corey Rd, Brighton, MA",2 bd,"$2,950+"
530,"1566 Tremont St, Boston, MA",3 bd,"$5,700+"
531,"1566 Tremont St, Boston, MA",4 bd,"$7,400+"
532,"245 Kelton St, Allston, MA",2 bd,"$2,735+"
533,"128 Roxbury St, Boston, MA 02119",5 bds,"$8,000/mo"
534,"47 Hillside St, Mission Hill, MA",3 bd,"$5,700+"
535,"47 Hillside St, Mission Hill, MA",4 bd,"$7,600+"
536,"47 Hillside St, Mission Hill, MA",5 bd,"$9,000+"
537,"207 Hillside St, Mission Hill, MA",3 bd,"$4,200+"
538,"286 Foster St, Brighton, MA",4 bd,"$6,200+"
539,"286 Foster St, Brighton, MA",5 bd,"$7,200+"
540,"64 N Margin St, Boston, MA",2 bd,"$3,850+"
541,"48 Englewood Ave, Brighton, MA",4 bd,"$5,200+"
542,"395 W Broadway, Boston, MA",2 bd,"$3,600+"
543,"395 W Broadway, Boston, MA",3 bd,"$4,400+"
544,"(undisclosed Address), Brighton, MA 02135",2 bds,"$4,795/mo"
545,"67-69 Chiswick Rd, Brighton, MA",Studio,"$2,500+"
546,"67-69 Chiswick Rd, Brighton, MA",1 bd,"$2,050+"
547,"67-69 Chiswick Rd, Brighton, MA",2 bd,"$2,650+"
548,"67-69 Chiswick Rd, Brighton, MA",3 bd,"$3,750+"
549,"17 Highgate St, Boston, MA",4 bd,"$4,640+"
550,"782 Morton St, Mattapan, MA",3 bd,"$3,300+"
551,"42-44 N Beacon St, Allston, MA",3 bd,"$4,500+"
552,"42-44 N Beacon St, Allston, MA",4 bd,"$5,500+"
553,"50 Leo M Birmingham Pkwy, Brighton, MA",Studio,"$3,325+"
554,"50 Leo M Birmingham Pkwy, Brighton, MA",1 bd,"$3,450+"
555,"50 Leo M Birmingham Pkwy, Brighton, MA",2 bd,"$3,800+"
556,"500 Leo M Birmingham Pkwy, Brighton, MA",Studio,"$3,550+"
557,"500 Leo M Birmingham Pkwy, Brighton, MA",1 bd,"$3,540+"
558,"500 Leo M Birmingham Pkwy, Brighton, MA",2 bd,"$4,450+"
559,"28 Raymond St, Allston, MA",5 bd,"$5,500+"
560,"18 Gerald Rd #1, Brighton, MA 02135",6 bds,"$11,200/mo"
561,"14-15 Mount Hood Rd, Brighton, MA",1 bd,"$3,595+"
562,"14-15 Mount Hood Rd, Brighton, MA",2 bd,"$3,795+"
563,"14-15 Mount Hood Rd, Brighton, MA",3 bd,"$4,875+"
564,"14-15 Mount Hood Rd, Brighton, MA",4 bd,"$4,500+"
565,"1171-1173 Boylston St, Boston, MA",Studio,"$2,245+"
566,"1171-1173 Boylston St, Boston, MA",1 bd,"$2,595+"
567,"196 Kelton St, Allston, MA",4 bd,"$4,400+"
568,"(undisclosed Address), Brighton, MA 02135",3 bds,"$3,775/mo"
569,"1 Fairfield Pl, Boston, MA",2 bd,"$3,500+"
570,"4 Garden Court St, Boston, MA",1 bd,"$2,375+"
571,"48 Ashford St, Boston, MA",6 bd,"$7,800+"
572,"48 Ashford St, Boston, MA",7 bd,"$9,500+"
573,"2 Lamson Ct #1B, Boston, MA 02128",4 bds,"$5,500/mo"
574,"26 Ashford St, Boston, MA",2 bd,"$4,575+"
575,"26 Ashford St, Boston, MA",4 bd,"$4,000+"
576,"18-20 Haviland St, Boston, MA",Studio,"$2,737+"
577,"18-20 Haviland St, Boston, MA",2 bd,"$4,315+"
578,"2 Islington St, Allston, MA",4 bd,"$5,000+"
579,"2 Ayr Rd, Brighton, MA",1 bd,"$2,550+"
580,"80 Wallingford Rd, Boston, MA",4 bd,"$4,200+"
581,"122 Peterborough St, Boston, MA",Studio,"$2,250+"
582,"(undisclosed Address), Boston, MA 02215",2 bds,"$3,595/mo"
583,"12A Gerald Rd, Brighton, MA",3 bd,"$3,500+"
584,"12A Gerald Rd, Brighton, MA",5 bd,"$9,000+"
585,"190 Green St, Boston, MA 02130",1 bd,"$2,695/mo"
586,"16 Temple St, Boston, MA",2 bd,"$3,800+"
587,"205 Hillside St, Boston, MA",2 bd,"$3,000+"
588,"205 Hillside St, Boston, MA",3 bd,"$4,200+"
589,"1742 Washington St, Boston, MA",2 bd,"$3,595+"
590,"17 Garrison St, Boston, MA",1 bd,"$2,600+"
591,"353 Dorchester St, Boston, MA",2 bd,"$3,500+"
592,"(undisclosed Address), Allston, MA 02134",Studio ba,"$2,185/mo"
593,"407-409 Washington St, Boston, MA",2 bd,"$3,750+"
594,"407-409 Washington St, Boston, MA",3 bd,"$4,750+"
595,"47 Englewood Ave, Brighton, MA",2 bd,"$3,200+"
596,"41 Hobson St #2, Brighton, MA 02135",5 bds,"$4,800/mo"
597,"55 Park Dr, Boston, MA",Studio,"$2,395+"
598,"55 Park Dr, Boston, MA",3 bd,"$4,295+"
599,"41 Grove St #3A, Boston, MA 02114",2 bds,"$3,800/mo"
600,"104 Warren St, Brighton, MA",2 bd,"$3,475+"
601,"477 Englewood Ave, Brighton, MA",1 bd,"$3,950+"
602,"477 Englewood Ave, Brighton, MA",2 bd,"$3,450+"
603,"61 Selkirk Rd, Boston, MA",1 bd,"$2,470+"
604,"61 Selkirk Rd, Boston, MA",2 bd,"$2,780+"
605,"(undisclosed Address), Allston, MA 02134",5 bds,"$6,200/mo"
606,"9 Radnor Rd, Brighton, MA",4 bd,"$4,800+"
607,"43 Bennett St #2, Brighton, MA 02135",5 bds,"$5,000/mo"
608,"130 Glenville Ave #1A, Allston, MA 02134",3 bds,"$3,300/mo"
609,"61-65 Brookline Ave, Boston, MA",Studio,"$2,250+"
610,"(undisclosed Address), Allston, MA 02134",4 bds,"$6,250/mo"
611,"7 S Waverly St, Brighton, MA",3 bd,"$3,100+"
612,"147 Kelton St, Allston, MA",2 bd,"$3,100+"
613,"40 Brackett St, Brighton, MA",3 bd,"$3,300+"
614,"43 Orkney Rd, Brighton, MA",3 bd,"$4,000+"
615,"43 Orkney Rd, Brighton, MA",4 bd,"$4,400+"
616,"122 Elko St, Brighton, MA",Studio,"$2,790+"
617,"122 Elko St, Brighton, MA",1 bd,"$3,150+"
618,"5 Spofford Rd, Allston, MA",2 bd,"$3,000+"
619,"452A Park Dr, Boston, MA",3 bd,"$4,499+"
620,"(undisclosed Address), Allston, MA 02134",3 bds,"$5,525/mo"
621,"130 Newton St, Brighton, MA",3 bd,"$3,300+"
622,"127-131 Sutherland Rd, Brighton, MA",1 bd,"$2,695+"
623,"127-131 Sutherland Rd, Brighton, MA",2 bd,"$2,725+"
624,"127-131 Sutherland Rd, Brighton, MA",5 bd,"$6,000+"
625,"(undisclosed Address), Brighton, MA 02135",1 bd,"$2,425/mo"
626,"10-20 Pratt St, Allston, MA",5 bd,"$6,400+"
627,"10-20 Pratt St, Allston, MA",6 bd,"$6,500+"
628,"(undisclosed Address), Allston, MA 02134",5 bds,"$5,500/mo"
629,"64 Brooks St, Brighton, MA",3 bd,"$3,100+"
630,"35 Falkland St #1, Brighton, MA 02135",3 bds,"$3,300/mo"
631,"6 Harvard Ter #1, Allston, MA 02134",3 bds,"$4,200/mo"
632,"155 Euston Rd #14, Brighton, MA 02135",Studio ba,"$2,575/mo"
633,"10-20 Farrington Ave, Allston, MA",Studio,"$2,360+"
634,"10-20 Farrington Ave, Allston, MA",1 bd,"$2,700+"
635,"10-20 Farrington Ave, Allston, MA",3 bd,"$4,095+"
636,"10-20 Farrington Ave, Allston, MA",5 bd,"$5,900+"
637,"107 Columbia Rd, Dorchester, MA",3 bd,"$3,400+"
638,"231 Park Dr, Boston, MA",Studio,"$2,300+"
639,"231 Park Dr, Boston, MA",1 bd,"$2,625+"
640,"231 Park Dr, Boston, MA",2 bd,"$3,100+"
641,"20 Murdock St #2, Brighton, MA 02135",5 bds,"$5,200/mo"
642,"181 Beacon St, Boston, MA",1 bd,"$3,000+"
643,"26 Pratt St #1, Allston, MA 02134",4 bds,"$5,000/mo"
644,"10 Arlington St #1, Brighton, MA 02135",5 bds,"$4,700/mo"
645,"62 Gordon St, Boston, MA",2 bd,"$4,075+"
646,"62 Gordon St, Boston, MA",3 bd,"$5,195+"
647,"22 Sparhawk St #2, Brighton, MA 02135",5 bds,"$5,250/mo"
648,"1522 Commonwealth Ave #2, Brighton, MA 02135",4 bds,"$4,700/mo"
649,"50 Brooks St #2, Brighton, MA 02135",3 bds,"$3,200/mo"
650,"89-93 Westland Ave, Boston, MA",Studio,"$2,400+"
651,"89-93 Westland Ave, Boston, MA",1 bd,"$3,300+"
652,"89-93 Westland Ave, Boston, MA",2 bd,"$3,400+"
653,"89-93 Westland Ave, Boston, MA",3 bd,"$5,100+"
654,"23 Claymoss Rd, Boston, MA",3 bd,"$3,300+"
655,"191 Porter St, Boston, MA",Studio,"$2,400+"
656,"191 Porter St, Boston, MA",1 bd,"$2,450+"
657,"191 Porter St, Boston, MA",2 bd,"$3,550+"
658,"(undisclosed Address), Brighton, MA 02135",1 bd,"$2,750/mo"
659,"91 Parsons St #1, Brighton, MA 02135",5 bds,"$5,000/mo"
660,"88 Wallingford Rd, Brighton, MA",2 bd,"$2,500+"
661,"88 Wallingford Rd, Brighton, MA",4 bd,"$4,200+"
662,"26 Easton St #3, Allston, MA 02134",Studio ba,"$3,100/mo"
663,"229 Chestnut Hill Ave #1, Brighton, MA 02135",4 bds,"$5,800/mo"
664,"658 Massachusetts Ave, Boston, MA",Studio,"$2,900+"
665,"658 Massachusetts Ave, Boston, MA",2 bd,"$3,900+"
666,"21 Ransom Rd #2, Brighton, MA 02135",4 bds,"$4,500/mo"
667,"21-23 Weitz St, Allston, MA",4 bd,"$4,000+"
668,"25 Murdock St FLOOR 1, Brighton, MA 02135",4 bds,"$4,850/mo"
669,"1100 Vfw Pkwy #3306, West Roxbury, MA 02132",1 bd,"$2,400/mo"
670,"46 Donnybrook Rd #2, Brighton, MA 02135",4 bds,"$4,400/mo"
671,"35 Glencoe St, Brighton, MA",Studio,"$2,200+"
672,"1653 Commonwealth Ave, Brighton, MA",3 bd,"$3,300+"
673,"1653 Commonwealth Ave, Brighton, MA",4 bd,"$3,600+"
674,"11 Oakland St #1, Brighton, MA 02135",3 bds,"$3,600/mo"
675,"64 Wallingford Rd #2, Brighton, MA 02135",4 bds,"$4,400/mo"
676,"15 Egremont Rd, Boston, MA",1 bd,"$2,145+"
677,"15 Egremont Rd, Boston, MA",2 bd,"$2,750+"
678,"30 Lake Shore Ter, Brighton, MA",2 bd,"$2,575+"
679,"30 Lake Shore Ter, Brighton, MA",3 bd,"$3,300+"
680,"38 Gerrish St, Brighton, MA",4 bd,"$4,600+"
681,"35 Orkney Rd APT 3, Brighton, MA 02135",4 bds,"$4,400/mo"
682,"44 Gardena St #3, Brighton, MA 02135",3 bds,"$4,000/mo"
683,"199 Peterborough St, Boston, MA",Studio,"$2,550+"
684,"9-11 Burney St #407, Roxbury Crossing, MA 02120",1 bd,"$3,250/mo"
685,"(undisclosed Address), Allston, MA 02134",2 bds,"$3,895/mo"
686,"9 Lothrop St #1, Brighton, MA 02135",3 bds,"$3,400/mo"
687,"109 Lanark Rd #1, Brighton, MA 02135",4 bds,"$4,300/mo"
688,"(undisclosed Address), Brighton, MA 02135",4 bds,"$3,800/mo"
689,"73 Gainsborough St, Boston, MA",1 bd,"$3,400+"
690,"73 Gainsborough St, Boston, MA",3 bd,"$6,600+"
691,"36 Arlington St #1, Brighton, MA 02135",5 bds,"$4,700/mo"
692,"96 Linden St APT 3, Allston, MA 02134",1 bd,"$2,600/mo"
693,"605 E 3rd St #1, Boston, MA 02127",3 bds,"$4,325/mo"
694,"18 Claymoss Rd #2, Brighton, MA 02135",4 bds,"$4,400/mo"
695,"41 Anderson St, Boston, MA",Studio,"$2,000+"
696,"41 Anderson St, Boston, MA",3 bd,"$4,800+"
697,"6 Sparhawk St #10, Brighton, MA 02135",4 bds,"$4,800/mo"
698,"30 Raymond St #36, Allston, MA 02134",5 bds,"$5,400/mo"
699,"25 Eulita Ter #2, Brighton, MA 02135",4 bds,"$4,300/mo"
700,"48 Hereford St, Boston, MA",Studio,"$2,400+"
701,"48 Hereford St, Boston, MA",1 bd,"$2,800+"
702,"107 Columbia Rd, Dorchester, MA",3 bd,"$3,200+"
703,"24 Tremont St #1, Brighton, MA 02135",3 bds,"$3,400/mo"
704,"20 Shanley St, Brighton, MA",1 bd,"$2,750+"
705,"20 Shanley St, Brighton, MA",2 bd,"$2,800+"
706,"70 Empire St, Allston, MA",2 bd,"$2,800+"
707,"70 Empire St, Allston, MA",3 bd,"$3,300+"
708,"55 Leicester St, Brighton, MA",3 bd,"$2,700+"
709,"55 Leicester St, Brighton, MA",5 bd,"$5,050+"
710,"1435 Tremont St, Boston, MA",2 bd,"$4,499+"
711,"1435 Tremont St, Boston, MA",4 bd,"$7,999+"
712,"161 Kelton St, Allston, MA",Studio,"$1,875+"
713,"161 Kelton St, Allston, MA",1 bd,"$2,050+"
714,"26 Harbor View St, Boston, MA",3 bd,"$3,300+"
715,"26 Harbor View St, Boston, MA",4 bd,"$3,200+"
716,"288 Foster St, Boston, MA",4 bd,"$6,200+"
717,"288 Foster St, Boston, MA",5 bd,"$7,200+"
718,"123 Sutherland Rd, Brighton, MA",Studio,"$2,695+"
719,"123 Sutherland Rd, Brighton, MA",1 bd,"$2,600+"
720,"123 Sutherland Rd, Brighton, MA",2 bd,"$3,195+"
721,"123 Sutherland Rd, Brighton, MA",4 bd,"$4,200+"
722,"2 Ayr Rd, Brighton, MA",1 bd,"$2,275+"
723,"110-120 Brainerd Rd, Allston, MA",1 bd,"$2,400+"
724,"110-120 Brainerd Rd, Allston, MA",2 bd,"$2,950+"
725,"1645 Commonwealth Ave, Brighton, MA",Studio,"$1,950+"
726,"1645 Commonwealth Ave, Brighton, MA",1 bd,"$2,100+"
727,"1645 Commonwealth Ave, Brighton, MA",2 bd,"$2,500+"
728,"1645 Commonwealth Ave, Brighton, MA",4 bd,"$3,750+"
729,"40-42 Anderson Pl, Boston, MA",Studio,"$2,100+"
730,"40-42 Anderson Pl, Boston, MA",1 bd,"$2,800+"
731,"40-42 Anderson Pl, Boston, MA",2 bd,"$3,300+"
732,"106 Queensberry St, Boston, MA",1 bd,"$3,300+"
733,"42 8th St, Charlestown, MA",1 bd,"$2,650+"
734,"79 N Margin St, Boston, MA",1 bd,"$2,600+"
